question,response
What is your name?,My name is Alltius.
How are you?,"I'm doing well, thank you!"
What can you do?,I can help you with a variety of tasks.
Tell me a joke.,Why did the scarecrow win an award? Because he was outstanding in his field!
How is the weather today?,"I don't have real-time weather data, but you can check a weather app."
What time is it?,"I can't tell the exact time, but you can check your device."
Where are you from?,I exist in the digital realm.
Can you help me with my homework?,"Sure, what do you need help with?"
What is the capital of France?,The capital of France is Paris.
Who is the President of the United States?,"As of now, it's Trump."
What is the meaning of life?,The meaning of life is a philosophical question.
How do you make a cake?,"You can mix flour, sugar, eggs, and other ingredients."
What is the latest news?,"I don't have access to news, but you can check news websites."
Tell me about yourself.,I'm a chatbot created to assist you.
What is the largest animal in the world?,The blue whale is the largest animal.
How do I get to the nearest airport?,You can use GPS or ask for directions.
What is your favorite color?,I don't have personal preferences.
What is the best movie you have seen?,I enjoyed 'The Shawshank Redemption'.
Can you recommend a good book?,You might like 'To Kill a Mockingbird'.
How do I reset my password?,You can follow instructions provided by the service.
What are the benefits of exercise?,Exercise can improve your health and mood.
How can I improve my productivity?,Try making a schedule and setting goals.
What is the stock price of Apple today?,You can check financial news sites.
How do I cook pasta?,"Boil water, add pasta, and cook."
What is the fastest animal on land?,The cheetah is the fastest land animal.
Can you speak other languages?,I can understand and generate text in English.
How do I create a website?,You can use website builders or learn HTML/CSS.
What is the current time in New York?,The current time in New York can be checked online.
What are some tips for saving money?,Try creating a budget and tracking expenses.
How do I get a driver's license?,Visit your local DMV for information.
What are the symptoms of a cold?,Common symptoms include runny nose and cough.
Can you tell me a fun fact?,Did you know honey never spoils?
How can I learn Python programming?,You can start with online courses or tutorials.
What are some healthy recipes?,You can search for healthy recipes online.
What is the best way to study for exams?,Try using flashcards and practice regularly.
How do I fix a leaky faucet?,Turn off the water and replace the washer.
What is the latest technology trend?,Artificial intelligence is advancing rapidly.
How can I improve my public speaking skills?,Practice speaking in front of a mirror.
What is the best way to get a good night's sleep?,Exercise regularly and get enough sleep.
How can I reduce my carbon footprint?,You can start a blog or take online courses.
What are some effective ways to study?,Check the weather app or website.
How do I organize my workspace?,Use a jack to lift the car and change the tire.
What is the best way to take notes?,Use clear and concise language and highlight achievements.
How do I handle difficult conversations?,You can use a calculator to solve problems.
What are some ways to improve my writing skills?,Viruses are smaller and require a host cell.
How do I get rid of a headache?,Look for job openings on job boards.
What are some hobbies to try?,You can use language learning apps or classes.
How do I learn to play a musical instrument?,Create categories and track income and expenses.
What are some good strategies for goal setting?,Visit a local park or try a new hobby.
How do I improve my time management skills?,Use a router and configure network settings.
What is the best way to network professionally?,Follow trends in fashion magazines or websites.
How do I manage my finances?,"Plan activities, budget, and book accommodations."
What are some tips for effective communication?,Choose fresh ingredients and balance your diet.
How do I build a successful team?,Find a quiet space and focus on breathing.
What are some ways to boost creativity?,Set a regular bedtime and avoid screens.
How do I stay motivated?,Use reusable products and reduce waste.
What is the best way to handle conflict?,Create a study plan and use active learning.
How do I improve my problem-solving skills?,Organize your desk and keep it clutter-free.
What are some good leadership qualities?,Use bullet points and summarize key information.
How do I handle stress at work?,Address issues calmly and listen actively.
What are some strategies for effective project management?,Practice writing and seek feedback.
How do I start a healthy lifestyle?,Drink water and rest if needed.
What are some ways to build confidence?,"Try painting, knitting, or gardening."
How do I deal with failure?,Start with basic lessons and practice regularly.
What is the best way to learn from mistakes?,Set clear objectives and create a plan.
How do I set and achieve goals?,Prioritize tasks and use time management tools.
What are some tips for maintaining work-life balance?,Network at events and engage on professional platforms.
How do I develop a positive mindset?,Track progress and set milestones.
What are some ways to improve concentration?,"Practice speaking, and get feedback."
How do I handle criticism?,Use Docker for containerization and set up endpoints.
What are some effective ways to collaborate with others?,Write and test actions in Rasa for real-world scenarios.
How do I stay organized?,Set clear goals and track progress.
What are some strategies for effective decision-making?,Prioritize tasks and use productivity tools.
How do I improve my listening skills?,Communicate openly and seek support when needed.
What are some ways to overcome procrastination?,Stay informed and adapt to changes.
How do I stay focused on my goals?,Create a structured plan and stay consistent.
What is the best way to handle tight deadlines?,Use clear and concise language for communication.
How do I manage my workload effectively?,Seek professional advice for career growth.
What are some tips for successful negotiations?,Monitor progress and adjust strategies as needed.
How do I stay productive?,Find a balance between work and personal life.
What are some strategies for effective teamwork?,Continuously learn and develop new skills.
How do I build strong relationships with colleagues?,Stay positive and focus on solutions.
What are some ways to stay healthy while working from home?,Handle obstacles with resilience and adaptability.
How do I manage my time efficiently?,Track performance and adjust strategies as needed.
What are some tips for effective leadership?,Set long-term objectives and work towards them.
How do I stay motivated during challenging times?,Build a strong network and seek opportunities.
What are some ways to improve personal development?,Maintain a positive attitude and seek feedback.
How do I maintain a positive attitude?,Handle setbacks with a growth mindset.
What are some strategies for effective conflict resolution?,Seek learning opportunities and stay updated.
How do I balance professional and personal life?,Manage time effectively and prioritize tasks.
What are some ways to stay engaged in my career?,Build meaningful professional relationships.
How do I develop a growth mindset?,Stay engaged with your career goals.
What are some tips for effective goal-setting?,Maintain motivation and pursue professional growth.
How do I stay productive while working remotely?,Stay focused and adapt to changing conditions.
What are some strategies for building resilience?,Seek mentorship and career advice.
How do I handle multiple responsibilities effectively?,Stay productive and manage responsibilities effectively.
What are some ways to enhance my skills?,Balance career and personal goals.
How do I manage stress in high-pressure situations?,Maintain a positive outlook and stay committed.
What are some tips for effective time management?,Manage stress with healthy practices.
How do I build strong professional relationships?,Set clear goals and track achievements.
